,event,preprocessed_text
0,Auburn,no excuses for teams like notre dame auburn michigan florida state texas aampm clemson and north carolina state to struggle throwing the football i give my take on some of the issues holding these programs back in my latest podcast link cfb
1,Auburn,auburn and texas aampm if we win both
2,Florida,are we ready for some football i think we can beat texas aampm not willing to put money on it but i hope we do floridafootball floridagators secfootball florida
3,Florida,ncaaf pod super saturday play of the day week texas aampm aggies vs florida gators pm est ncaaf collegefootball collegegameday aggies gators
4,Florida,florida gators vs texas aampm aggies prediction odds say coach billy napi via
5,Florida,texas aampm florida and love the gators collegefootball bettingadvice gogators
6,Florida,today uf is playing against texas aampm in the swamp this will be the gators th time playing against the aggies since go gators uf gogators football
7,Florida,florida football vs texas aampm score today live updates highlights from week game gators via
8,Florida,my prediction texas aampm florida
9,Florida,the ornery texas aampm vs florida preview you need
10,Florida,florida or texas aampm
11,Florida,texas aampm is in their last games ats is following the trend and taking florida betmgm this weekend dont miss all of the cfb action from the daily tip
12,Florida,whos your pick for the aampm vs florida game
13,Florida,florida seeing texas aampms backup qb carve them to pieces
14,Florida,while were waiting lets take a trip down memory lane to the last time texas aampm played florida after a weather delay i dont think jace is in gainesville today
15,Florida,ugh lightning in the area texas aampm at florida has entered a weather delay
16,Florida,the texas aampm and florida game has been delayed until florida finds their new head coach
17,Florida,marcel reed has the aggies rolling texas aampm florida gigem
18,Florida,tight end tuddy gigem bthoflorida
19,LSU,yeah theyve changed it a bunch the last few years mainly because of the lsu texas aampm game in
20,LSU,it was just non stop trying to score from the and then have to go for but then the lsu and texas aampm game went into like ots and they changed it to what it is now
21,LSU,lsu auburn texas aampm and mississippi state all look like games arkansas can win wps gohogs
22,LSU,you have no standing in this
23,Midnight Yell,the tradition of midnight yell at texas aampm university a celebration of the th man midnightyell aggietradition thman aggiespirit texasam aggiepride kylefield aggies gigem aggiefootball tamu aggiefamily aggieland
24,Ole Miss,whos got the best looking allwhite unis this week rt for texas aampm like for ole miss gigem hottytoddy
25,Other / Unknown,look who we playedlets see what he does next week at texas aampm
26,Other / Unknown,not necessarily i have seen this in my own life ive seen men walk around like this when i lived in houston texas
27,Other / Unknown,crazy part is that aggy was so dumb that he put the entire lyrics of texass fight song and it only mentions aampm once
28,Other / Unknown,put a m on their head like a michigan fan
29,Other / Unknown,texas aampm handled their business ol better gave winning effort can build on that protection better but still a few lazy breakdowns nd group gave good effort oc gave the qb some easier ways to be successful his legs helped ran hard most rushing yards since
30,Other / Unknown,i was but damn do i remember that game
31,Other / Unknown,thank you maga red hit that follow for
32,Other / Unknown,dan run right through a motherfucker campbell
33,Other / Unknown,if you watched the nebraska at texas aampm game youve seen the one worse than this one
34,Other / Unknown,dan campbell and dennis allen both lead their teams to victory in week
35,Other / Unknown,thank you so much for the amazing hospitality thank you amp the rest of the texas aampm staff for having me this weekend in college station uncommitted officalvisit gigem
36,Other / Unknown,dan campbell and the lions are
37,Other / Unknown,as a texas aampm graduate and fan this is called battered aggie syndrome other fans get it too by a different name
38,Other / Unknown,coach marcus freeman postgame on it isnt like you prepare a certain way for week because its texas aampm and you dont prepare the next week for i dont even know who we play next week ill figure it out
39,Other / Unknown,exactly however as a texas fan i am relieved they did not copy the texas aampm on field performance but everything elseway to go
40,Other / Unknown,texas aampm commerce
41,Other / Unknown,texas aampm playerscoaches in pregame prayermeditation circle at the swamp gators
42,Other / Unknown,final west texas aampm golden bears fall to lady buffs in five sets ellie sieling kills digs emma schmidt digs kills teagan starkey assists digs begolden wearecsp nsicvb
43,Other / Unknown,white helmets for texas aampm by next update i stg
44,Other / Unknown,covid year asidepick any texas aampm team in the last years
45,Other / Unknown,nash texas aampm equipment tweeted icy white in august of please show me where texas used this term prior to that
46,Other / Unknown,brian kelly vs jimbo fisher in the cfl next year
47,Other / Unknown,his son plays with texas aampm
48,Other / Unknown,the post is saying texas aampm won by a huge amount and he was still fired and that that happening here would be the best possible outcome
49,Other / Unknown,live look at texas aampm
50,Other / Unknown,why would you start graham mertz over dj lagway against texas aampm billy
51,Other / Unknown,reminder that texas aampm is exclusively a psycho cult and not an educational institution
52,Other / Unknown,the funniest thing about this is it shows how little self respect they have for their own school i would be pissed if we copied an aampm or ou alternate signature jersey
53,Other / Unknown,this is prime time at a top texas aampm bar it is right to think they are a cult and think they suck
54,Other / Unknown,last time texas aampm was in the swamp the aggies rolled the gators
55,Other / Unknown,oops our fault youre totally right i forgot texas aampm has never worn white helmets ever in their history wait
56,Other / Unknown,well isnt that interesting
57,Other / Unknown,google texas aampm signs greatest recruiting class of all time amp google ai hits you with this
58,Other / Unknown,high five friday west texas aampm linebackers were at lakeview elementary in canyon isd
59,Other / Unknown,is connor weigman good or is texas aampm just gay
60,Other / Unknown,why would you start graham mertz over dj lagway against texas aampm billy
61,Other / Unknown,oops our fault youre totally right i forgot texas aampm has never worn white helmets ever in their history wait
62,Other / Unknown,the texas aampm staff to conner weigman
63,Other / Unknown,live look at texas aampm
64,Other / Unknown,the funniest thing about this is it shows how little self respect they have for their own school i would be pissed if we copied an aampm or ou alternate signature jersey
65,Other / Unknown,reminder that texas aampm is exclusively a psycho cult and not an educational institution
66,Other / Unknown,heres a great moment with texas aampm qb conner weigman when he was asked by a local college station reporter about his accent
67,Other / Unknown,star wr in the class of johntay cook ii on his recent visit with the texas aampm aggies i still aint seen no football trophies
68,Other / Unknown,conner weigman watching his backup lead texas aampm on two scoring drives in the st quarter
69,Other / Unknown,texas aampm qb is good
70,Other / Unknown,um your game against the texas aampm aggies are currently on a lightning delay bruh gator weather be like
71,Other / Unknown,based mostly on snap count this is what the texas aampm depth chart looks like heading into week
72,Transfer,just another star recruit tech fans will never get to see what would have been he will transfer bc he would be playing at aampm texas and osu
73,home game,this was the first texas aampm home game after happened not my picture but i wish i could have been there
74,home game,this was the first texas aampm home game after happened not my picture but i wish i could have been there
75,offseason,is there what has texas aampm done they were last year they did not improve in the offseason niu went on the road and beat notre dame
